{"loss": [0.5916536719322204, 0.2896825360298157, 0.17093426375389098, 0.12855665850639345, 0.11162085990905762, 0.10304486048221588, 0.09769411650002002, 0.09417200360894203, 0.09310028099119663, 0.08986112530827522, 0.08972685251832008, 0.08875820122361183, 0.08855770794153213, 0.08764577077627182, 0.08724685392379761, 0.08782749055810272, 0.08708578562438488, 0.08717949068546295, 0.08696876682043075, 0.0869052839756012, 0.08708981361240148, 0.08679771641492844, 0.08791682048439979, 0.08650075330734253, 0.08580787615180016, 0.08708547222018242, 0.0862277533173561, 0.08546122746020555, 0.08666400814652443, 0.08542403120398522, 0.08634416443705559, 0.08594208131432533, 0.08655133868455887, 0.08749889785051346, 0.08693033674955368, 0.08625140326023102, 0.08682632887363434, 0.08590813081264496, 0.0855422569975257, 0.08560651511847973, 0.08551774085760117, 0.08612800063490868, 0.08561399605572223, 0.08790203243196011, 0.08588700400590897, 0.08559060801267623, 0.0859354494035244, 0.08563732655644417, 0.08642774981856347, 0.08641761708557606, 0.08555590480566025, 0.08604819996356965, 0.08518813576102256, 0.08614808354377747, 0.08610551941394806, 0.08622202454805374, 0.08560363368093968, 0.0850734954059124, 0.08742610011994839, 0.08627967378497124, 0.0870336221754551, 0.08563923353552819, 0.08555865428447723, 0.08566928986907005, 0.08682033957839012, 0.08664851335287094, 0.08468295768713578, 0.08573259362354875, 0.08665938604474067, 0.08647484360933304, 0.08419872022867203, 0.08704694833829998, 0.08576954542398453, 0.08566405777335168, 0.08622720702067017, 0.08565892129540444, 0.08585643716454507, 0.0861743221834302, 0.08690267836898566, 0.08561655427217484, 0.087429815402627, 0.08572390080690384, 0.08556662867069244, 0.08523101125359535, 0.08553286348581314, 0.08582837466597557, 0.08675103354752063, 0.08561680881977081, 0.08540574264526367, 0.08609933973550797, 0.08511162983197719, 0.08568587847948074, 0.08539504292607307, 0.08585939999222755, 0.08631057601571084, 0.08546168625950813, 0.08592510991990567, 0.08620956082344056, 0.08598413524478674, 0.08549755007624626], "accuracy": [0.6791, 0.891, 0.9407, 0.9564, 0.9604, 0.9609, 0.9623, 0.9616, 0.9621, 0.9617, 0.9623, 0.9611, 0.9624, 0.9639, 0.9623, 0.9627, 0.9605, 0.963, 0.962, 0.9624, 0.9625, 0.9623, 0.9625, 0.9626, 0.9615, 0.9628, 0.963, 0.9624, 0.9628, 0.9623, 0.9626, 0.9637, 0.9631, 0.9622, 0.9617, 0.9631, 0.9615, 0.962, 0.9633, 0.9637, 0.9633, 0.9628, 0.9631, 0.9627, 0.9628, 0.9629, 0.9626, 0.9622, 0.9607, 0.963, 0.9634, 0.9631, 0.9628, 0.9625, 0.9631, 0.9617, 0.9632, 0.9623, 0.9624, 0.9619, 0.9616, 0.9628, 0.9636, 0.9621, 0.9617, 0.9629, 0.9626, 0.962, 0.9612, 0.963, 0.9632, 0.9625, 0.9624, 0.9617, 0.9627, 0.9624, 0.9635, 0.9627, 0.9628, 0.962, 0.9627, 0.9623, 0.9625, 0.9618, 0.9632, 0.9625, 0.9615, 0.9635, 0.9632, 0.9624, 0.9638, 0.9637, 0.9621, 0.9639, 0.9616, 0.9624, 0.9623, 0.9613, 0.9629, 0.9632]}